BFS_NR;GEBIET_NAME;THEMA_NAME;SET_NAME;SUBSET_NAME;INDIKATOR_ID;INDIKATOR_NAME;INDIKATOR_JAHR;INDIKATOR_VALUE;EINHEIT_KURZ;EINHEIT_LANG;
1721;Wahlkreis St.Gallen;Bevölkerung;Bevölkerungsbestand;null;2;Ständige Wohnbevölkerung [Pers.];1981;109320;Pers.;Personen;
1721;Wahlkreis St.Gallen;Bevölkerung;Bevölkerungsbestand;null;2;Ständige Wohnbevölkerung [Pers.];1982;109554;Pers.;Personen;
1721;Wahlkreis St.Gallen;Bevölkerung;Bevölkerungsbestand;null;2;Ständige Wohnbevölkerung [Pers.];1983;109687;Pers.;Personen;
1721;Wahlkreis St.Gallen;Bevölkerung;Bevölkerungsbestand;null;2;Ständige Wohnbevölkerung [Pers.];1984;109990;Pers.;Personen;
1721;Wahlkreis St.Gallen;Bevölkerung;Bevölkerungsbestand;null;2;Ständige Wohnbevölkerung [Pers.];1985;110209;Pers.;Personen;
1721;Wahlkreis St.Gallen;Bevölkerung;Bevölkerungsbestand;null;2;Ständige Wohnbevölkerung [Pers.];1986;110262;Pers.;Personen;
1721;Wahlkreis St.Gallen;Bevölkerung;Bevölkerungsbestand;null;2;Ständige Wohnbevölkerung [Pers.];1987;110345;Pers.;Personen;
1721;Wahlkreis St.Gallen;Bevölkerung;Bevölkerungsbestand;null;2;Ständige Wohnbevölkerung [Pers.];1988;110881;Pers.;Personen;
1721;Wahlkreis St.Gallen;Bevölkerung;Bevölkerungsbestand;null;2;Ständige Wohnbevölkerung [Pers.];1989;111458;Pers.;Personen;
1721;Wahlkreis St.Gallen;Bevölkerung;Bevölkerungsbestand;null;2;Ständige Wohnbevölkerung [Pers.];1990;112003;Pers.;Personen;
1721;Wahlkreis St.Gallen;Bevölkerung;Bevölkerungsbestand;null;2;Ständige Wohnbevölkerung [Pers.];1991;110642;Pers.;Personen;
1721;Wahlkreis St.Gallen;Bevölkerung;Bevölkerungsbestand;null;2;Ständige Wohnbevölkerung [Pers.];1992;111191;Pers.;Personen;
1721;Wahlkreis St.Gallen;Bevölkerung;Bevölkerungsbestand;null;2;Ständige Wohnbevölkerung [Pers.];1993;111714;Pers.;Personen;
1721;Wahlkreis St.Gallen;Bevölkerung;Bevölkerungsbestand;null;2;Ständige Wohnbevölkerung [Pers.];1994;112277;Pers.;Personen;
1721;Wahlkreis St.Gallen;Bevölkerung;Bevölkerungsbestand;null;2;Ständige Wohnbevölkerung [Pers.];1995;111907;Pers.;Personen;
1721;Wahlkreis St.Gallen;Bevölkerung;Bevölkerungsbestand;null;2;Ständige Wohnbevölkerung [Pers.];1996;111702;Pers.;Personen;
1721;Wahlkreis St.Gallen;Bevölkerung;Bevölkerungsbestand;null;2;Ständige Wohnbevölkerung [Pers.];1997;111424;Pers.;Personen;
1721;Wahlkreis St.Gallen;Bevölkerung;Bevölkerungsbestand;null;2;Ständige Wohnbevölkerung [Pers.];1998;110863;Pers.;Personen;
1721;Wahlkreis St.Gallen;Bevölkerung;Bevölkerungsbestand;null;2;Ständige Wohnbevölkerung [Pers.];1999;111213;Pers.;Personen;
1721;Wahlkreis St.Gallen;Bevölkerung;Bevölkerungsbestand;null;2;Ständige Wohnbevölkerung [Pers.];2000;111612;Pers.;Personen;
1721;Wahlkreis St.Gallen;Bevölkerung;Bevölkerungsbestand;null;2;Ständige Wohnbevölkerung [Pers.];2001;112121;Pers.;Personen;
1721;Wahlkreis St.Gallen;Bevölkerung;Bevölkerungsbestand;null;2;Ständige Wohnbevölkerung [Pers.];2002;112974;Pers.;Personen;
1721;Wahlkreis St.Gallen;Bevölkerung;Bevölkerungsbestand;null;2;Ständige Wohnbevölkerung [Pers.];2003;113364;Pers.;Personen;
1721;Wahlkreis St.Gallen;Bevölkerung;Bevölkerungsbestand;null;2;Ständige Wohnbevölkerung [Pers.];2004;113469;Pers.;Personen;
1721;Wahlkreis St.Gallen;Bevölkerung;Bevölkerungsbestand;null;2;Ständige Wohnbevölkerung [Pers.];2005;113320;Pers.;Personen;
1721;Wahlkreis St.Gallen;Bevölkerung;Bevölkerungsbestand;null;2;Ständige Wohnbevölkerung [Pers.];2006;113621;Pers.;Personen;
1721;Wahlkreis St.Gallen;Bevölkerung;Bevölkerungsbestand;null;2;Ständige Wohnbevölkerung [Pers.];2007;114652;Pers.;Personen;
1721;Wahlkreis St.Gallen;Bevölkerung;Bevölkerungsbestand;null;2;Ständige Wohnbevölkerung [Pers.];2008;116097;Pers.;Personen;
1721;Wahlkreis St.Gallen;Bevölkerung;Bevölkerungsbestand;null;2;Ständige Wohnbevölkerung [Pers.];2009;117007;Pers.;Personen;
1721;Wahlkreis St.Gallen;Bevölkerung;Bevölkerungsbestand;null;2;Ständige Wohnbevölkerung [Pers.];2010;117823;Pers.;Personen;
1721;Wahlkreis St.Gallen;Bevölkerung;Bevölkerungsbestand;null;2;Ständige Wohnbevölkerung [Pers.];2011;118761;Pers.;Personen;
1721;Wahlkreis St.Gallen;Bevölkerung;Bevölkerungsbestand;null;2;Ständige Wohnbevölkerung [Pers.];2012;119598;Pers.;Personen;
1721;Wahlkreis St.Gallen;Bevölkerung;Bevölkerungsbestand;null;2;Ständige Wohnbevölkerung [Pers.];2013;120330;Pers.;Personen;
1721;Wahlkreis St.Gallen;Bevölkerung;Bevölkerungsbestand;null;2;Ständige Wohnbevölkerung [Pers.];2014;121144;Pers.;Personen;
1721;Wahlkreis St.Gallen;Bevölkerung;Bevölkerungsbestand;null;2;Ständige Wohnbevölkerung [Pers.];2015;121722;Pers.;Personen;
1721;Wahlkreis St.Gallen;Bevölkerung;Bevölkerungsbestand;null;2;Ständige Wohnbevölkerung [Pers.];2016;121981;Pers.;Personen;
1721;Wahlkreis St.Gallen;Bevölkerung;Bevölkerungsbestand;null;2;Ständige Wohnbevölkerung [Pers.];2017;122101;Pers.;Personen;
1721;Wahlkreis St.Gallen;Bevölkerung;Bevölkerungsbestand;null;2;Ständige Wohnbevölkerung [Pers.];2018;122419;Pers.;Personen;
1721;Wahlkreis St.Gallen;Bevölkerung;Bevölkerungsbestand;null;2;Ständige Wohnbevölkerung [Pers.];2019;122712;Pers.;Personen;
1721;Wahlkreis St.Gallen;Bevölkerung;Bevölkerungsbestand;null;2;Ständige Wohnbevölkerung [Pers.];2020;122903;Pers.;Personen;
1721;Wahlkreis St.Gallen;Bevölkerung;Bevölkerungsbestand;null;2;Ständige Wohnbevölkerung [Pers.];2021;123274;Pers.;Personen;
1721;Wahlkreis St.Gallen;Bevölkerung;Bevölkerungsbestand;null;2;Ständige Wohnbevölkerung [Pers.];2022;124247;Pers.;Personen;
1721;Wahlkreis St.Gallen;Bevölkerung;Bevölkerungsbestand;null;2;Ständige Wohnbevölkerung [Pers.];2023;126115;Pers.;Personen;
1722;Wahlkreis Rorschach;Bevölkerung;Bevölkerungsbestand;null;2;Ständige Wohnbevölkerung [Pers.];1981;34464;Pers.;Personen;
1722;Wahlkreis Rorschach;Bevölkerung;Bevölkerungsbestand;null;2;Ständige Wohnbevölkerung [Pers.];1982;34533;Pers.;Personen;
1722;Wahlkreis Rorschach;Bevölkerung;Bevölkerungsbestand;null;2;Ständige Wohnbevölkerung [Pers.];1983;34790;Pers.;Personen;
1722;Wahlkreis Rorschach;Bevölkerung;Bevölkerungsbestand;null;2;Ständige Wohnbevölkerung [Pers.];1984;34954;Pers.;Personen;
1722;Wahlkreis Rorschach;Bevölkerung;Bevölkerungsbestand;null;2;Ständige Wohnbevölkerung [Pers.];1985;35166;Pers.;Personen;
1722;Wahlkreis Rorschach;Bevölkerung;Bevölkerungsbestand;null;2;Ständige Wohnbevölkerung [Pers.];1986;35550;Pers.;Personen;
1722;Wahlkreis Rorschach;Bevölkerung;Bevölkerungsbestand;null;2;Ständige Wohnbevölkerung [Pers.];1987;35761;Pers.;Personen;
1722;Wahlkreis Rorschach;Bevölkerung;Bevölkerungsbestand;null;2;Ständige Wohnbevölkerung [Pers.];1988;36067;Pers.;Personen;
1722;Wahlkreis Rorschach;Bevölkerung;Bevölkerungsbestand;null;2;Ständige Wohnbevölkerung [Pers.];1989;36430;Pers.;Personen;
1722;Wahlkreis Rorschach;Bevölkerung;Bevölkerungsbestand;null;2;Ständige Wohnbevölkerung [Pers.];1990;36759;Pers.;Personen;
1722;Wahlkreis Rorschach;Bevölkerung;Bevölkerungsbestand;null;2;Ständige Wohnbevölkerung [Pers.];1991;37707;Pers.;Personen;
1722;Wahlkreis Rorschach;Bevölkerung;Bevölkerungsbestand;null;2;Ständige Wohnbevölkerung [Pers.];1992;37848;Pers.;Personen;
1722;Wahlkreis Rorschach;Bevölkerung;Bevölkerungsbestand;null;2;Ständige Wohnbevölkerung [Pers.];1993;37987;Pers.;Personen;
1722;Wahlkreis Rorschach;Bevölkerung;Bevölkerungsbestand;null;2;Ständige Wohnbevölkerung [Pers.];1994;38037;Pers.;Personen;
1722;Wahlkreis Rorschach;Bevölkerung;Bevölkerungsbestand;null;2;Ständige Wohnbevölkerung [Pers.];1995;37905;Pers.;Personen;
1722;Wahlkreis Rorschach;Bevölkerung;Bevölkerungsbestand;null;2;Ständige Wohnbevölkerung [Pers.];1996;37989;Pers.;Personen;
1722;Wahlkreis Rorschach;Bevölkerung;Bevölkerungsbestand;null;2;Ständige Wohnbevölkerung [Pers.];1997;37870;Pers.;Personen;
1722;Wahlkreis Rorschach;Bevölkerung;Bevölkerungsbestand;null;2;Ständige Wohnbevölkerung [Pers.];1998;38167;Pers.;Personen;
1722;Wahlkreis Rorschach;Bevölkerung;Bevölkerungsbestand;null;2;Ständige Wohnbevölkerung [Pers.];1999;38387;Pers.;Personen;
1722;Wahlkreis Rorschach;Bevölkerung;Bevölkerungsbestand;null;2;Ständige Wohnbevölkerung [Pers.];2000;38527;Pers.;Personen;
1722;Wahlkreis Rorschach;Bevölkerung;Bevölkerungsbestand;null;2;Ständige Wohnbevölkerung [Pers.];2001;39146;Pers.;Personen;
1722;Wahlkreis Rorschach;Bevölkerung;Bevölkerungsbestand;null;2;Ständige Wohnbevölkerung [Pers.];2002;39426;Pers.;Personen;
1722;Wahlkreis Rorschach;Bevölkerung;Bevölkerungsbestand;null;2;Ständige Wohnbevölkerung [Pers.];2003;39583;Pers.;Personen;
1722;Wahlkreis Rorschach;Bevölkerung;Bevölkerungsbestand;null;2;Ständige Wohnbevölkerung [Pers.];2004;39709;Pers.;Personen;
1722;Wahlkreis Rorschach;Bevölkerung;Bevölkerungsbestand;null;2;Ständige Wohnbevölkerung [Pers.];2005;39623;Pers.;Personen;
1722;Wahlkreis Rorschach;Bevölkerung;Bevölkerungsbestand;null;2;Ständige Wohnbevölkerung [Pers.];2006;39601;Pers.;Personen;
1722;Wahlkreis Rorschach;Bevölkerung;Bevölkerungsbestand;null;2;Ständige Wohnbevölkerung [Pers.];2007;40144;Pers.;Personen;
1722;Wahlkreis Rorschach;Bevölkerung;Bevölkerungsbestand;null;2;Ständige Wohnbevölkerung [Pers.];2008;40454;Pers.;Personen;
1722;Wahlkreis Rorschach;Bevölkerung;Bevölkerungsbestand;null;2;Ständige Wohnbevölkerung [Pers.];2009;40840;Pers.;Personen;
1722;Wahlkreis Rorschach;Bevölkerung;Bevölkerungsbestand;null;2;Ständige Wohnbevölkerung [Pers.];2010;41047;Pers.;Personen;
1722;Wahlkreis Rorschach;Bevölkerung;Bevölkerungsbestand;null;2;Ständige Wohnbevölkerung [Pers.];2011;41275;Pers.;Personen;
1722;Wahlkreis Rorschach;Bevölkerung;Bevölkerungsbestand;null;2;Ständige Wohnbevölkerung [Pers.];2012;41585;Pers.;Personen;
1722;Wahlkreis Rorschach;Bevölkerung;Bevölkerungsbestand;null;2;Ständige Wohnbevölkerung [Pers.];2013;41910;Pers.;Personen;
1722;Wahlkreis Rorschach;Bevölkerung;Bevölkerungsbestand;null;2;Ständige Wohnbevölkerung [Pers.];2014;42124;Pers.;Personen;
1722;Wahlkreis Rorschach;Bevölkerung;Bevölkerungsbestand;null;2;Ständige Wohnbevölkerung [Pers.];2015;42266;Pers.;Personen;
1722;Wahlkreis Rorschach;Bevölkerung;Bevölkerungsbestand;null;2;Ständige Wohnbevölkerung [Pers.];2016;42404;Pers.;Personen;
1722;Wahlkreis Rorschach;Bevölkerung;Bevölkerungsbestand;null;2;Ständige Wohnbevölkerung [Pers.];2017;42604;Pers.;Personen;
1722;Wahlkreis Rorschach;Bevölkerung;Bevölkerungsbestand;null;2;Ständige Wohnbevölkerung [Pers.];2018;43142;Pers.;Personen;
1722;Wahlkreis Rorschach;Bevölkerung;Bevölkerungsbestand;null;2;Ständige Wohnbevölkerung [Pers.];2019;43490;Pers.;Personen;
1722;Wahlkreis Rorschach;Bevölkerung;Bevölkerungsbestand;null;2;Ständige Wohnbevölkerung [Pers.];2020;43928;Pers.;Personen;
1722;Wahlkreis Rorschach;Bevölkerung;Bevölkerungsbestand;null;2;Ständige Wohnbevölkerung [Pers.];2021;44146;Pers.;Personen;
1722;Wahlkreis Rorschach;Bevölkerung;Bevölkerungsbestand;null;2;Ständige Wohnbevölkerung [Pers.];2022;44676;Pers.;Personen;
1722;Wahlkreis Rorschach;Bevölkerung;Bevölkerungsbestand;null;2;Ständige Wohnbevölkerung [Pers.];2023;45317;Pers.;Personen;
1723;Wahlkreis Rheintal;Bevölkerung;Bevölkerungsbestand;null;2;Ständige Wohnbevölkerung [Pers.];1981;50821;Pers.;Personen;
1723;Wahlkreis Rheintal;Bevölkerung;Bevölkerungsbestand;null;2;Ständige Wohnbevölkerung [Pers.];1982;51353;Pers.;Personen;
1723;Wahlkreis Rheintal;Bevölkerung;Bevölkerungsbestand;null;2;Ständige Wohnbevölkerung [Pers.];1983;51615;Pers.;Personen;
1723;Wahlkreis Rheintal;Bevölkerung;Bevölkerungsbestand;null;2;Ständige Wohnbevölkerung [Pers.];1984;51912;Pers.;Personen;
1723;Wahlkreis Rheintal;Bevölkerung;Bevölkerungsbestand;null;2;Ständige Wohnbevölkerung [Pers.];1985;52237;Pers.;Personen;
1723;Wahlkreis Rheintal;Bevölkerung;Bevölkerungsbestand;null;2;Ständige Wohnbevölkerung [Pers.];1986;52273;Pers.;Personen;
1723;Wahlkreis Rheintal;Bevölkerung;Bevölkerungsbestand;null;2;Ständige Wohnbevölkerung [Pers.];1987;52527;Pers.;Personen;
1723;Wahlkreis Rheintal;Bevölkerung;Bevölkerungsbestand;null;2;Ständige Wohnbevölkerung [Pers.];1988;53072;Pers.;Personen;
1723;Wahlkreis Rheintal;Bevölkerung;Bevölkerungsbestand;null;2;Ständige Wohnbevölkerung [Pers.];1989;53581;Pers.;Personen;
1723;Wahlkreis Rheintal;Bevölkerung;Bevölkerungsbestand;null;2;Ständige Wohnbevölkerung [Pers.];1990;54404;Pers.;Personen;
1723;Wahlkreis Rheintal;Bevölkerung;Bevölkerungsbestand;null;2;Ständige Wohnbevölkerung [Pers.];1991;56782;Pers.;Personen;
1723;Wahlkreis Rheintal;Bevölkerung;Bevölkerungsbestand;null;2;Ständige Wohnbevölkerung [Pers.];1992;57862;Pers.;Personen;
1723;Wahlkreis Rheintal;Bevölkerung;Bevölkerungsbestand;null;2;Ständige Wohnbevölkerung [Pers.];1993;58609;Pers.;Personen;
1723;Wahlkreis Rheintal;Bevölkerung;Bevölkerungsbestand;null;2;Ständige Wohnbevölkerung [Pers.];1994;59324;Pers.;Personen;
1723;Wahlkreis Rheintal;Bevölkerung;Bevölkerungsbestand;null;2;Ständige Wohnbevölkerung [Pers.];1995;60130;Pers.;Personen;
1723;Wahlkreis Rheintal;Bevölkerung;Bevölkerungsbestand;null;2;Ständige Wohnbevölkerung [Pers.];1996;60535;Pers.;Personen;
1723;Wahlkreis Rheintal;Bevölkerung;Bevölkerungsbestand;null;2;Ständige Wohnbevölkerung [Pers.];1997;60755;Pers.;Personen;
1723;Wahlkreis Rheintal;Bevölkerung;Bevölkerungsbestand;null;2;Ständige Wohnbevölkerung [Pers.];1998;61177;Pers.;Personen;
1723;Wahlkreis Rheintal;Bevölkerung;Bevölkerungsbestand;null;2;Ständige Wohnbevölkerung [Pers.];1999;61541;Pers.;Personen;
1723;Wahlkreis Rheintal;Bevölkerung;Bevölkerungsbestand;null;2;Ständige Wohnbevölkerung [Pers.];2000;61847;Pers.;Personen;
1723;Wahlkreis Rheintal;Bevölkerung;Bevölkerungsbestand;null;2;Ständige Wohnbevölkerung [Pers.];2001;62258;Pers.;Personen;
1723;Wahlkreis Rheintal;Bevölkerung;Bevölkerungsbestand;null;2;Ständige Wohnbevölkerung [Pers.];2002;62548;Pers.;Personen;
1723;Wahlkreis Rheintal;Bevölkerung;Bevölkerungsbestand;null;2;Ständige Wohnbevölkerung [Pers.];2003;62964;Pers.;Personen;
1723;Wahlkreis Rheintal;Bevölkerung;Bevölkerungsbestand;null;2;Ständige Wohnbevölkerung [Pers.];2004;63263;Pers.;Personen;
1723;Wahlkreis Rheintal;Bevölkerung;Bevölkerungsbestand;null;2;Ständige Wohnbevölkerung [Pers.];2005;63706;Pers.;Personen;
1723;Wahlkreis Rheintal;Bevölkerung;Bevölkerungsbestand;null;2;Ständige Wohnbevölkerung [Pers.];2006;64138;Pers.;Personen;
1723;Wahlkreis Rheintal;Bevölkerung;Bevölkerungsbestand;null;2;Ständige Wohnbevölkerung [Pers.];2007;64909;Pers.;Personen;
1723;Wahlkreis Rheintal;Bevölkerung;Bevölkerungsbestand;null;2;Ständige Wohnbevölkerung [Pers.];2008;65889;Pers.;Personen;
1723;Wahlkreis Rheintal;Bevölkerung;Bevölkerungsbestand;null;2;Ständige Wohnbevölkerung [Pers.];2009;66522;Pers.;Personen;
1723;Wahlkreis Rheintal;Bevölkerung;Bevölkerungsbestand;null;2;Ständige Wohnbevölkerung [Pers.];2010;67509;Pers.;Personen;
1723;Wahlkreis Rheintal;Bevölkerung;Bevölkerungsbestand;null;2;Ständige Wohnbevölkerung [Pers.];2011;68238;Pers.;Personen;
1723;Wahlkreis Rheintal;Bevölkerung;Bevölkerungsbestand;null;2;Ständige Wohnbevölkerung [Pers.];2012;68792;Pers.;Personen;
1723;Wahlkreis Rheintal;Bevölkerung;Bevölkerungsbestand;null;2;Ständige Wohnbevölkerung [Pers.];2013;69612;Pers.;Personen;
1723;Wahlkreis Rheintal;Bevölkerung;Bevölkerungsbestand;null;2;Ständige Wohnbevölkerung [Pers.];2014;70334;Pers.;Personen;
1723;Wahlkreis Rheintal;Bevölkerung;Bevölkerungsbestand;null;2;Ständige Wohnbevölkerung [Pers.];2015;71063;Pers.;Personen;
1723;Wahlkreis Rheintal;Bevölkerung;Bevölkerungsbestand;null;2;Ständige Wohnbevölkerung [Pers.];2016;72000;Pers.;Personen;
1723;Wahlkreis Rheintal;Bevölkerung;Bevölkerungsbestand;null;2;Ständige Wohnbevölkerung [Pers.];2017;72502;Pers.;Personen;
1723;Wahlkreis Rheintal;Bevölkerung;Bevölkerungsbestand;null;2;Ständige Wohnbevölkerung [Pers.];2018;73094;Pers.;Personen;
1723;Wahlkreis Rheintal;Bevölkerung;Bevölkerungsbestand;null;2;Ständige Wohnbevölkerung [Pers.];2019;73646;Pers.;Personen;
1723;Wahlkreis Rheintal;Bevölkerung;Bevölkerungsbestand;null;2;Ständige Wohnbevölkerung [Pers.];2020;74372;Pers.;Personen;
1723;Wahlkreis Rheintal;Bevölkerung;Bevölkerungsbestand;null;2;Ständige Wohnbevölkerung [Pers.];2021;75399;Pers.;Personen;
1723;Wahlkreis Rheintal;Bevölkerung;Bevölkerungsbestand;null;2;Ständige Wohnbevölkerung [Pers.];2022;76608;Pers.;Personen;
1723;Wahlkreis Rheintal;Bevölkerung;Bevölkerungsbestand;null;2;Ständige Wohnbevölkerung [Pers.];2023;77971;Pers.;Personen;
1724;Wahlkreis Werdenberg;Bevölkerung;Bevölkerungsbestand;null;2;Ständige Wohnbevölkerung [Pers.];1981;25839;Pers.;Personen;
1724;Wahlkreis Werdenberg;Bevölkerung;Bevölkerungsbestand;null;2;Ständige Wohnbevölkerung [Pers.];1982;26300;Pers.;Personen;
1724;Wahlkreis Werdenberg;Bevölkerung;Bevölkerungsbestand;null;2;Ständige Wohnbevölkerung [Pers.];1983;26533;Pers.;Personen;
1724;Wahlkreis Werdenberg;Bevölkerung;Bevölkerungsbestand;null;2;Ständige Wohnbevölkerung [Pers.];1984;26939;Pers.;Personen;
1724;Wahlkreis Werdenberg;Bevölkerung;Bevölkerungsbestand;null;2;Ständige Wohnbevölkerung [Pers.];1985;27375;Pers.;Personen;
1724;Wahlkreis Werdenberg;Bevölkerung;Bevölkerungsbestand;null;2;Ständige Wohnbevölkerung [Pers.];1986;27712;Pers.;Personen;
1724;Wahlkreis Werdenberg;Bevölkerung;Bevölkerungsbestand;null;2;Ständige Wohnbevölkerung [Pers.];1987;27987;Pers.;Personen;
1724;Wahlkreis Werdenberg;Bevölkerung;Bevölkerungsbestand;null;2;Ständige Wohnbevölkerung [Pers.];1988;28331;Pers.;Personen;
1724;Wahlkreis Werdenberg;Bevölkerung;Bevölkerungsbestand;null;2;Ständige Wohnbevölkerung [Pers.];1989;28628;Pers.;Personen;
1724;Wahlkreis Werdenberg;Bevölkerung;Bevölkerungsbestand;null;2;Ständige Wohnbevölkerung [Pers.];1990;29338;Pers.;Personen;
1724;Wahlkreis Werdenberg;Bevölkerung;Bevölkerungsbestand;null;2;Ständige Wohnbevölkerung [Pers.];1991;29841;Pers.;Personen;
1724;Wahlkreis Werdenberg;Bevölkerung;Bevölkerungsbestand;null;2;Ständige Wohnbevölkerung [Pers.];1992;30711;Pers.;Personen;
1724;Wahlkreis Werdenberg;Bevölkerung;Bevölkerungsbestand;null;2;Ständige Wohnbevölkerung [Pers.];1993;31303;Pers.;Personen;
1724;Wahlkreis Werdenberg;Bevölkerung;Bevölkerungsbestand;null;2;Ständige Wohnbevölkerung [Pers.];1994;31775;Pers.;Personen;
1724;Wahlkreis Werdenberg;Bevölkerung;Bevölkerungsbestand;null;2;Ständige Wohnbevölkerung [Pers.];1995;32181;Pers.;Personen;
1724;Wahlkreis Werdenberg;Bevölkerung;Bevölkerungsbestand;null;2;Ständige Wohnbevölkerung [Pers.];1996;32423;Pers.;Personen;
1724;Wahlkreis Werdenberg;Bevölkerung;Bevölkerungsbestand;null;2;Ständige Wohnbevölkerung [Pers.];1997;32501;Pers.;Personen;
1724;Wahlkreis Werdenberg;Bevölkerung;Bevölkerungsbestand;null;2;Ständige Wohnbevölkerung [Pers.];1998;32549;Pers.;Personen;
1724;Wahlkreis Werdenberg;Bevölkerung;Bevölkerungsbestand;null;2;Ständige Wohnbevölkerung [Pers.];1999;32799;Pers.;Personen;
1724;Wahlkreis Werdenberg;Bevölkerung;Bevölkerungsbestand;null;2;Ständige Wohnbevölkerung [Pers.];2000;33037;Pers.;Personen;
1724;Wahlkreis Werdenberg;Bevölkerung;Bevölkerungsbestand;null;2;Ständige Wohnbevölkerung [Pers.];2001;33117;Pers.;Personen;
1724;Wahlkreis Werdenberg;Bevölkerung;Bevölkerungsbestand;null;2;Ständige Wohnbevölkerung [Pers.];2002;33289;Pers.;Personen;
1724;Wahlkreis Werdenberg;Bevölkerung;Bevölkerungsbestand;null;2;Ständige Wohnbevölkerung [Pers.];2003;33605;Pers.;Personen;
1724;Wahlkreis Werdenberg;Bevölkerung;Bevölkerungsbestand;null;2;Ständige Wohnbevölkerung [Pers.];2004;33771;Pers.;Personen;
1724;Wahlkreis Werdenberg;Bevölkerung;Bevölkerungsbestand;null;2;Ständige Wohnbevölkerung [Pers.];2005;33960;Pers.;Personen;
1724;Wahlkreis Werdenberg;Bevölkerung;Bevölkerungsbestand;null;2;Ständige Wohnbevölkerung [Pers.];2006;34074;Pers.;Personen;
1724;Wahlkreis Werdenberg;Bevölkerung;Bevölkerungsbestand;null;2;Ständige Wohnbevölkerung [Pers.];2007;34442;Pers.;Personen;
1724;Wahlkreis Werdenberg;Bevölkerung;Bevölkerungsbestand;null;2;Ständige Wohnbevölkerung [Pers.];2008;35037;Pers.;Personen;
1724;Wahlkreis Werdenberg;Bevölkerung;Bevölkerungsbestand;null;2;Ständige Wohnbevölkerung [Pers.];2009;35241;Pers.;Personen;
1724;Wahlkreis Werdenberg;Bevölkerung;Bevölkerungsbestand;null;2;Ständige Wohnbevölkerung [Pers.];2010;35644;Pers.;Personen;
1724;Wahlkreis Werdenberg;Bevölkerung;Bevölkerungsbestand;null;2;Ständige Wohnbevölkerung [Pers.];2011;36091;Pers.;Personen;
1724;Wahlkreis Werdenberg;Bevölkerung;Bevölkerungsbestand;null;2;Ständige Wohnbevölkerung [Pers.];2012;36447;Pers.;Personen;
1724;Wahlkreis Werdenberg;Bevölkerung;Bevölkerungsbestand;null;2;Ständige Wohnbevölkerung [Pers.];2013;37072;Pers.;Personen;
1724;Wahlkreis Werdenberg;Bevölkerung;Bevölkerungsbestand;null;2;Ständige Wohnbevölkerung [Pers.];2014;37581;Pers.;Personen;
1724;Wahlkreis Werdenberg;Bevölkerung;Bevölkerungsbestand;null;2;Ständige Wohnbevölkerung [Pers.];2015;37954;Pers.;Personen;
1724;Wahlkreis Werdenberg;Bevölkerung;Bevölkerungsbestand;null;2;Ständige Wohnbevölkerung [Pers.];2016;38445;Pers.;Personen;
1724;Wahlkreis Werdenberg;Bevölkerung;Bevölkerungsbestand;null;2;Ständige Wohnbevölkerung [Pers.];2017;38876;Pers.;Personen;
1724;Wahlkreis Werdenberg;Bevölkerung;Bevölkerungsbestand;null;2;Ständige Wohnbevölkerung [Pers.];2018;39193;Pers.;Personen;
1724;Wahlkreis Werdenberg;Bevölkerung;Bevölkerungsbestand;null;2;Ständige Wohnbevölkerung [Pers.];2019;39630;Pers.;Personen;
1724;Wahlkreis Werdenberg;Bevölkerung;Bevölkerungsbestand;null;2;Ständige Wohnbevölkerung [Pers.];2020;39993;Pers.;Personen;
1724;Wahlkreis Werdenberg;Bevölkerung;Bevölkerungsbestand;null;2;Ständige Wohnbevölkerung [Pers.];2021;40568;Pers.;Personen;
1724;Wahlkreis Werdenberg;Bevölkerung;Bevölkerungsbestand;null;2;Ständige Wohnbevölkerung [Pers.];2022;41288;Pers.;Personen;
1724;Wahlkreis Werdenberg;Bevölkerung;Bevölkerungsbestand;null;2;Ständige Wohnbevölkerung [Pers.];2023;42192;Pers.;Personen;
1725;Wahlkreis Sarganserland;Bevölkerung;Bevölkerungsbestand;null;2;Ständige Wohnbevölkerung [Pers.];1981;29761;Pers.;Personen;
1725;Wahlkreis Sarganserland;Bevölkerung;Bevölkerungsbestand;null;2;Ständige Wohnbevölkerung [Pers.];1982;30042;Pers.;Personen;
1725;Wahlkreis Sarganserland;Bevölkerung;Bevölkerungsbestand;null;2;Ständige Wohnbevölkerung [Pers.];1983;30146;Pers.;Personen;
1725;Wahlkreis Sarganserland;Bevölkerung;Bevölkerungsbestand;null;2;Ständige Wohnbevölkerung [Pers.];1984;30208;Pers.;Personen;
1725;Wahlkreis Sarganserland;Bevölkerung;Bevölkerungsbestand;null;2;Ständige Wohnbevölkerung [Pers.];1985;30320;Pers.;Personen;
1725;Wahlkreis Sarganserland;Bevölkerung;Bevölkerungsbestand;null;2;Ständige Wohnbevölkerung [Pers.];1986;30719;Pers.;Personen;
1725;Wahlkreis Sarganserland;Bevölkerung;Bevölkerungsbestand;null;2;Ständige Wohnbevölkerung [Pers.];1987;30891;Pers.;Personen;
1725;Wahlkreis Sarganserland;Bevölkerung;Bevölkerungsbestand;null;2;Ständige Wohnbevölkerung [Pers.];1988;31131;Pers.;Personen;
1725;Wahlkreis Sarganserland;Bevölkerung;Bevölkerungsbestand;null;2;Ständige Wohnbevölkerung [Pers.];1989;31372;Pers.;Personen;
1725;Wahlkreis Sarganserland;Bevölkerung;Bevölkerungsbestand;null;2;Ständige Wohnbevölkerung [Pers.];1990;31958;Pers.;Personen;
1725;Wahlkreis Sarganserland;Bevölkerung;Bevölkerungsbestand;null;2;Ständige Wohnbevölkerung [Pers.];1991;32912;Pers.;Personen;
1725;Wahlkreis Sarganserland;Bevölkerung;Bevölkerungsbestand;null;2;Ständige Wohnbevölkerung [Pers.];1992;33566;Pers.;Personen;
1725;Wahlkreis Sarganserland;Bevölkerung;Bevölkerungsbestand;null;2;Ständige Wohnbevölkerung [Pers.];1993;34136;Pers.;Personen;
1725;Wahlkreis Sarganserland;Bevölkerung;Bevölkerungsbestand;null;2;Ständige Wohnbevölkerung [Pers.];1994;34570;Pers.;Personen;
1725;Wahlkreis Sarganserland;Bevölkerung;Bevölkerungsbestand;null;2;Ständige Wohnbevölkerung [Pers.];1995;34770;Pers.;Personen;
1725;Wahlkreis Sarganserland;Bevölkerung;Bevölkerungsbestand;null;2;Ständige Wohnbevölkerung [Pers.];1996;35115;Pers.;Personen;
1725;Wahlkreis Sarganserland;Bevölkerung;Bevölkerungsbestand;null;2;Ständige Wohnbevölkerung [Pers.];1997;34940;Pers.;Personen;
1725;Wahlkreis Sarganserland;Bevölkerung;Bevölkerungsbestand;null;2;Ständige Wohnbevölkerung [Pers.];1998;34876;Pers.;Personen;
1725;Wahlkreis Sarganserland;Bevölkerung;Bevölkerungsbestand;null;2;Ständige Wohnbevölkerung [Pers.];1999;35176;Pers.;Personen;
1725;Wahlkreis Sarganserland;Bevölkerung;Bevölkerungsbestand;null;2;Ständige Wohnbevölkerung [Pers.];2000;35163;Pers.;Personen;
1725;Wahlkreis Sarganserland;Bevölkerung;Bevölkerungsbestand;null;2;Ständige Wohnbevölkerung [Pers.];2001;35624;Pers.;Personen;
1725;Wahlkreis Sarganserland;Bevölkerung;Bevölkerungsbestand;null;2;Ständige Wohnbevölkerung [Pers.];2002;35553;Pers.;Personen;
1725;Wahlkreis Sarganserland;Bevölkerung;Bevölkerungsbestand;null;2;Ständige Wohnbevölkerung [Pers.];2003;35652;Pers.;Personen;
1725;Wahlkreis Sarganserland;Bevölkerung;Bevölkerungsbestand;null;2;Ständige Wohnbevölkerung [Pers.];2004;35901;Pers.;Personen;
1725;Wahlkreis Sarganserland;Bevölkerung;Bevölkerungsbestand;null;2;Ständige Wohnbevölkerung [Pers.];2005;36103;Pers.;Personen;
1725;Wahlkreis Sarganserland;Bevölkerung;Bevölkerungsbestand;null;2;Ständige Wohnbevölkerung [Pers.];2006;36328;Pers.;Personen;
1725;Wahlkreis Sarganserland;Bevölkerung;Bevölkerungsbestand;null;2;Ständige Wohnbevölkerung [Pers.];2007;36574;Pers.;Personen;
1725;Wahlkreis Sarganserland;Bevölkerung;Bevölkerungsbestand;null;2;Ständige Wohnbevölkerung [Pers.];2008;36892;Pers.;Personen;
1725;Wahlkreis Sarganserland;Bevölkerung;Bevölkerungsbestand;null;2;Ständige Wohnbevölkerung [Pers.];2009;37255;Pers.;Personen;
1725;Wahlkreis Sarganserland;Bevölkerung;Bevölkerungsbestand;null;2;Ständige Wohnbevölkerung [Pers.];2010;37775;Pers.;Personen;
1725;Wahlkreis Sarganserland;Bevölkerung;Bevölkerungsbestand;null;2;Ständige Wohnbevölkerung [Pers.];2011;38421;Pers.;Personen;
1725;Wahlkreis Sarganserland;Bevölkerung;Bevölkerungsbestand;null;2;Ständige Wohnbevölkerung [Pers.];2012;39077;Pers.;Personen;
1725;Wahlkreis Sarganserland;Bevölkerung;Bevölkerungsbestand;null;2;Ständige Wohnbevölkerung [Pers.];2013;39507;Pers.;Personen;
1725;Wahlkreis Sarganserland;Bevölkerung;Bevölkerungsbestand;null;2;Ständige Wohnbevölkerung [Pers.];2014;39692;Pers.;Personen;
1725;Wahlkreis Sarganserland;Bevölkerung;Bevölkerungsbestand;null;2;Ständige Wohnbevölkerung [Pers.];2015;39842;Pers.;Personen;
1725;Wahlkreis Sarganserland;Bevölkerung;Bevölkerungsbestand;null;2;Ständige Wohnbevölkerung [Pers.];2016;40234;Pers.;Personen;
1725;Wahlkreis Sarganserland;Bevölkerung;Bevölkerungsbestand;null;2;Ständige Wohnbevölkerung [Pers.];2017;40461;Pers.;Personen;
1725;Wahlkreis Sarganserland;Bevölkerung;Bevölkerungsbestand;null;2;Ständige Wohnbevölkerung [Pers.];2018;40714;Pers.;Personen;
1725;Wahlkreis Sarganserland;Bevölkerung;Bevölkerungsbestand;null;2;Ständige Wohnbevölkerung [Pers.];2019;41008;Pers.;Personen;
1725;Wahlkreis Sarganserland;Bevölkerung;Bevölkerungsbestand;null;2;Ständige Wohnbevölkerung [Pers.];2020;41490;Pers.;Personen;
1725;Wahlkreis Sarganserland;Bevölkerung;Bevölkerungsbestand;null;2;Ständige Wohnbevölkerung [Pers.];2021;42126;Pers.;Personen;
1725;Wahlkreis Sarganserland;Bevölkerung;Bevölkerungsbestand;null;2;Ständige Wohnbevölkerung [Pers.];2022;42969;Pers.;Personen;
1725;Wahlkreis Sarganserland;Bevölkerung;Bevölkerungsbestand;null;2;Ständige Wohnbevölkerung [Pers.];2023;43837;Pers.;Personen;
1726;Wahlkreis See-Gaster;Bevölkerung;Bevölkerungsbestand;null;2;Ständige Wohnbevölkerung [Pers.];1981;45338;Pers.;Personen;
1726;Wahlkreis See-Gaster;Bevölkerung;Bevölkerungsbestand;null;2;Ständige Wohnbevölkerung [Pers.];1982;45998;Pers.;Personen;
1726;Wahlkreis See-Gaster;Bevölkerung;Bevölkerungsbestand;null;2;Ständige Wohnbevölkerung [Pers.];1983;46666;Pers.;Personen;
1726;Wahlkreis See-Gaster;Bevölkerung;Bevölkerungsbestand;null;2;Ständige Wohnbevölkerung [Pers.];1984;47198;Pers.;Personen;
1726;Wahlkreis See-Gaster;Bevölkerung;Bevölkerungsbestand;null;2;Ständige Wohnbevölkerung [Pers.];1985;47844;Pers.;Personen;
1726;Wahlkreis See-Gaster;Bevölkerung;Bevölkerungsbestand;null;2;Ständige Wohnbevölkerung [Pers.];1986;48535;Pers.;Personen;
1726;Wahlkreis See-Gaster;Bevölkerung;Bevölkerungsbestand;null;2;Ständige Wohnbevölkerung [Pers.];1987;49414;Pers.;Personen;
1726;Wahlkreis See-Gaster;Bevölkerung;Bevölkerungsbestand;null;2;Ständige Wohnbevölkerung [Pers.];1988;50266;Pers.;Personen;
1726;Wahlkreis See-Gaster;Bevölkerung;Bevölkerungsbestand;null;2;Ständige Wohnbevölkerung [Pers.];1989;50822;Pers.;Personen;
1726;Wahlkreis See-Gaster;Bevölkerung;Bevölkerungsbestand;null;2;Ständige Wohnbevölkerung [Pers.];1990;51735;Pers.;Personen;
1726;Wahlkreis See-Gaster;Bevölkerung;Bevölkerungsbestand;null;2;Ständige Wohnbevölkerung [Pers.];1991;52881;Pers.;Personen;
1726;Wahlkreis See-Gaster;Bevölkerung;Bevölkerungsbestand;null;2;Ständige Wohnbevölkerung [Pers.];1992;53460;Pers.;Personen;
1726;Wahlkreis See-Gaster;Bevölkerung;Bevölkerungsbestand;null;2;Ständige Wohnbevölkerung [Pers.];1993;53970;Pers.;Personen;
1726;Wahlkreis See-Gaster;Bevölkerung;Bevölkerungsbestand;null;2;Ständige Wohnbevölkerung [Pers.];1994;54576;Pers.;Personen;
1726;Wahlkreis See-Gaster;Bevölkerung;Bevölkerungsbestand;null;2;Ständige Wohnbevölkerung [Pers.];1995;55009;Pers.;Personen;
1726;Wahlkreis See-Gaster;Bevölkerung;Bevölkerungsbestand;null;2;Ständige Wohnbevölkerung [Pers.];1996;55472;Pers.;Personen;
1726;Wahlkreis See-Gaster;Bevölkerung;Bevölkerungsbestand;null;2;Ständige Wohnbevölkerung [Pers.];1997;55698;Pers.;Personen;
1726;Wahlkreis See-Gaster;Bevölkerung;Bevölkerungsbestand;null;2;Ständige Wohnbevölkerung [Pers.];1998;56064;Pers.;Personen;
1726;Wahlkreis See-Gaster;Bevölkerung;Bevölkerungsbestand;null;2;Ständige Wohnbevölkerung [Pers.];1999;56661;Pers.;Personen;
1726;Wahlkreis See-Gaster;Bevölkerung;Bevölkerungsbestand;null;2;Ständige Wohnbevölkerung [Pers.];2000;57209;Pers.;Personen;
1726;Wahlkreis See-Gaster;Bevölkerung;Bevölkerungsbestand;null;2;Ständige Wohnbevölkerung [Pers.];2001;58163;Pers.;Personen;
1726;Wahlkreis See-Gaster;Bevölkerung;Bevölkerungsbestand;null;2;Ständige Wohnbevölkerung [Pers.];2002;58633;Pers.;Personen;
1726;Wahlkreis See-Gaster;Bevölkerung;Bevölkerungsbestand;null;2;Ständige Wohnbevölkerung [Pers.];2003;58992;Pers.;Personen;
1726;Wahlkreis See-Gaster;Bevölkerung;Bevölkerungsbestand;null;2;Ständige Wohnbevölkerung [Pers.];2004;59325;Pers.;Personen;
1726;Wahlkreis See-Gaster;Bevölkerung;Bevölkerungsbestand;null;2;Ständige Wohnbevölkerung [Pers.];2005;59638;Pers.;Personen;
1726;Wahlkreis See-Gaster;Bevölkerung;Bevölkerungsbestand;null;2;Ständige Wohnbevölkerung [Pers.];2006;59935;Pers.;Personen;
1726;Wahlkreis See-Gaster;Bevölkerung;Bevölkerungsbestand;null;2;Ständige Wohnbevölkerung [Pers.];2007;60662;Pers.;Personen;
1726;Wahlkreis See-Gaster;Bevölkerung;Bevölkerungsbestand;null;2;Ständige Wohnbevölkerung [Pers.];2008;61524;Pers.;Personen;
1726;Wahlkreis See-Gaster;Bevölkerung;Bevölkerungsbestand;null;2;Ständige Wohnbevölkerung [Pers.];2009;62115;Pers.;Personen;
1726;Wahlkreis See-Gaster;Bevölkerung;Bevölkerungsbestand;null;2;Ständige Wohnbevölkerung [Pers.];2010;62499;Pers.;Personen;
1726;Wahlkreis See-Gaster;Bevölkerung;Bevölkerungsbestand;null;2;Ständige Wohnbevölkerung [Pers.];2011;63106;Pers.;Personen;
1726;Wahlkreis See-Gaster;Bevölkerung;Bevölkerungsbestand;null;2;Ständige Wohnbevölkerung [Pers.];2012;63669;Pers.;Personen;
1726;Wahlkreis See-Gaster;Bevölkerung;Bevölkerungsbestand;null;2;Ständige Wohnbevölkerung [Pers.];2013;64488;Pers.;Personen;
1726;Wahlkreis See-Gaster;Bevölkerung;Bevölkerungsbestand;null;2;Ständige Wohnbevölkerung [Pers.];2014;65148;Pers.;Personen;
1726;Wahlkreis See-Gaster;Bevölkerung;Bevölkerungsbestand;null;2;Ständige Wohnbevölkerung [Pers.];2015;65763;Pers.;Personen;
1726;Wahlkreis See-Gaster;Bevölkerung;Bevölkerungsbestand;null;2;Ständige Wohnbevölkerung [Pers.];2016;66231;Pers.;Personen;
1726;Wahlkreis See-Gaster;Bevölkerung;Bevölkerungsbestand;null;2;Ständige Wohnbevölkerung [Pers.];2017;66652;Pers.;Personen;
1726;Wahlkreis See-Gaster;Bevölkerung;Bevölkerungsbestand;null;2;Ständige Wohnbevölkerung [Pers.];2018;67089;Pers.;Personen;
1726;Wahlkreis See-Gaster;Bevölkerung;Bevölkerungsbestand;null;2;Ständige Wohnbevölkerung [Pers.];2019;67656;Pers.;Personen;
1726;Wahlkreis See-Gaster;Bevölkerung;Bevölkerungsbestand;null;2;Ständige Wohnbevölkerung [Pers.];2020;68425;Pers.;Personen;
1726;Wahlkreis See-Gaster;Bevölkerung;Bevölkerungsbestand;null;2;Ständige Wohnbevölkerung [Pers.];2021;69386;Pers.;Personen;
1726;Wahlkreis See-Gaster;Bevölkerung;Bevölkerungsbestand;null;2;Ständige Wohnbevölkerung [Pers.];2022;70554;Pers.;Personen;
1726;Wahlkreis See-Gaster;Bevölkerung;Bevölkerungsbestand;null;2;Ständige Wohnbevölkerung [Pers.];2023;71685;Pers.;Personen;
1727;Wahlkreis Toggenburg;Bevölkerung;Bevölkerungsbestand;null;2;Ständige Wohnbevölkerung [Pers.];1981;40570;Pers.;Personen;
1727;Wahlkreis Toggenburg;Bevölkerung;Bevölkerungsbestand;null;2;Ständige Wohnbevölkerung [Pers.];1982;40361;Pers.;Personen;
1727;Wahlkreis Toggenburg;Bevölkerung;Bevölkerungsbestand;null;2;Ständige Wohnbevölkerung [Pers.];1983;40400;Pers.;Personen;
1727;Wahlkreis Toggenburg;Bevölkerung;Bevölkerungsbestand;null;2;Ständige Wohnbevölkerung [Pers.];1984;40431;Pers.;Personen;
1727;Wahlkreis Toggenburg;Bevölkerung;Bevölkerungsbestand;null;2;Ständige Wohnbevölkerung [Pers.];1985;40656;Pers.;Personen;
1727;Wahlkreis Toggenburg;Bevölkerung;Bevölkerungsbestand;null;2;Ständige Wohnbevölkerung [Pers.];1986;40905;Pers.;Personen;
1727;Wahlkreis Toggenburg;Bevölkerung;Bevölkerungsbestand;null;2;Ständige Wohnbevölkerung [Pers.];1987;41344;Pers.;Personen;
1727;Wahlkreis Toggenburg;Bevölkerung;Bevölkerungsbestand;null;2;Ständige Wohnbevölkerung [Pers.];1988;41561;Pers.;Personen;
1727;Wahlkreis Toggenburg;Bevölkerung;Bevölkerungsbestand;null;2;Ständige Wohnbevölkerung [Pers.];1989;42116;Pers.;Personen;
1727;Wahlkreis Toggenburg;Bevölkerung;Bevölkerungsbestand;null;2;Ständige Wohnbevölkerung [Pers.];1990;42767;Pers.;Personen;
1727;Wahlkreis Toggenburg;Bevölkerung;Bevölkerungsbestand;null;2;Ständige Wohnbevölkerung [Pers.];1991;44677;Pers.;Personen;
1727;Wahlkreis Toggenburg;Bevölkerung;Bevölkerungsbestand;null;2;Ständige Wohnbevölkerung [Pers.];1992;45360;Pers.;Personen;
1727;Wahlkreis Toggenburg;Bevölkerung;Bevölkerungsbestand;null;2;Ständige Wohnbevölkerung [Pers.];1993;46008;Pers.;Personen;
1727;Wahlkreis Toggenburg;Bevölkerung;Bevölkerungsbestand;null;2;Ständige Wohnbevölkerung [Pers.];1994;46386;Pers.;Personen;
1727;Wahlkreis Toggenburg;Bevölkerung;Bevölkerungsbestand;null;2;Ständige Wohnbevölkerung [Pers.];1995;46408;Pers.;Personen;
1727;Wahlkreis Toggenburg;Bevölkerung;Bevölkerungsbestand;null;2;Ständige Wohnbevölkerung [Pers.];1996;46269;Pers.;Personen;
1727;Wahlkreis Toggenburg;Bevölkerung;Bevölkerungsbestand;null;2;Ständige Wohnbevölkerung [Pers.];1997;46241;Pers.;Personen;
1727;Wahlkreis Toggenburg;Bevölkerung;Bevölkerungsbestand;null;2;Ständige Wohnbevölkerung [Pers.];1998;46182;Pers.;Personen;
1727;Wahlkreis Toggenburg;Bevölkerung;Bevölkerungsbestand;null;2;Ständige Wohnbevölkerung [Pers.];1999;46055;Pers.;Personen;
1727;Wahlkreis Toggenburg;Bevölkerung;Bevölkerungsbestand;null;2;Ständige Wohnbevölkerung [Pers.];2000;45737;Pers.;Personen;
1727;Wahlkreis Toggenburg;Bevölkerung;Bevölkerungsbestand;null;2;Ständige Wohnbevölkerung [Pers.];2001;45609;Pers.;Personen;
1727;Wahlkreis Toggenburg;Bevölkerung;Bevölkerungsbestand;null;2;Ständige Wohnbevölkerung [Pers.];2002;45436;Pers.;Personen;
1727;Wahlkreis Toggenburg;Bevölkerung;Bevölkerungsbestand;null;2;Ständige Wohnbevölkerung [Pers.];2003;45449;Pers.;Personen;
1727;Wahlkreis Toggenburg;Bevölkerung;Bevölkerungsbestand;null;2;Ständige Wohnbevölkerung [Pers.];2004;45358;Pers.;Personen;
1727;Wahlkreis Toggenburg;Bevölkerung;Bevölkerungsbestand;null;2;Ständige Wohnbevölkerung [Pers.];2005;45176;Pers.;Personen;
1727;Wahlkreis Toggenburg;Bevölkerung;Bevölkerungsbestand;null;2;Ständige Wohnbevölkerung [Pers.];2006;45107;Pers.;Personen;
1727;Wahlkreis Toggenburg;Bevölkerung;Bevölkerungsbestand;null;2;Ständige Wohnbevölkerung [Pers.];2007;45051;Pers.;Personen;
1727;Wahlkreis Toggenburg;Bevölkerung;Bevölkerungsbestand;null;2;Ständige Wohnbevölkerung [Pers.];2008;44947;Pers.;Personen;
1727;Wahlkreis Toggenburg;Bevölkerung;Bevölkerungsbestand;null;2;Ständige Wohnbevölkerung [Pers.];2009;44875;Pers.;Personen;
1727;Wahlkreis Toggenburg;Bevölkerung;Bevölkerungsbestand;null;2;Ständige Wohnbevölkerung [Pers.];2010;45056;Pers.;Personen;
1727;Wahlkreis Toggenburg;Bevölkerung;Bevölkerungsbestand;null;2;Ständige Wohnbevölkerung [Pers.];2011;45070;Pers.;Personen;
1727;Wahlkreis Toggenburg;Bevölkerung;Bevölkerungsbestand;null;2;Ständige Wohnbevölkerung [Pers.];2012;45084;Pers.;Personen;
1727;Wahlkreis Toggenburg;Bevölkerung;Bevölkerungsbestand;null;2;Ständige Wohnbevölkerung [Pers.];2013;45261;Pers.;Personen;
1727;Wahlkreis Toggenburg;Bevölkerung;Bevölkerungsbestand;null;2;Ständige Wohnbevölkerung [Pers.];2014;45598;Pers.;Personen;
1727;Wahlkreis Toggenburg;Bevölkerung;Bevölkerungsbestand;null;2;Ständige Wohnbevölkerung [Pers.];2015;45912;Pers.;Personen;
1727;Wahlkreis Toggenburg;Bevölkerung;Bevölkerungsbestand;null;2;Ständige Wohnbevölkerung [Pers.];2016;46215;Pers.;Personen;
1727;Wahlkreis Toggenburg;Bevölkerung;Bevölkerungsbestand;null;2;Ständige Wohnbevölkerung [Pers.];2017;46281;Pers.;Personen;
1727;Wahlkreis Toggenburg;Bevölkerung;Bevölkerungsbestand;null;2;Ständige Wohnbevölkerung [Pers.];2018;46452;Pers.;Personen;
1727;Wahlkreis Toggenburg;Bevölkerung;Bevölkerungsbestand;null;2;Ständige Wohnbevölkerung [Pers.];2019;46546;Pers.;Personen;
1727;Wahlkreis Toggenburg;Bevölkerung;Bevölkerungsbestand;null;2;Ständige Wohnbevölkerung [Pers.];2020;46954;Pers.;Personen;
1727;Wahlkreis Toggenburg;Bevölkerung;Bevölkerungsbestand;null;2;Ständige Wohnbevölkerung [Pers.];2021;47411;Pers.;Personen;
1727;Wahlkreis Toggenburg;Bevölkerung;Bevölkerungsbestand;null;2;Ständige Wohnbevölkerung [Pers.];2022;47916;Pers.;Personen;
1727;Wahlkreis Toggenburg;Bevölkerung;Bevölkerungsbestand;null;2;Ständige Wohnbevölkerung [Pers.];2023;48781;Pers.;Personen;
1728;Wahlkreis Wil;Bevölkerung;Bevölkerungsbestand;null;2;Ständige Wohnbevölkerung [Pers.];1981;55558;Pers.;Personen;
1728;Wahlkreis Wil;Bevölkerung;Bevölkerungsbestand;null;2;Ständige Wohnbevölkerung [Pers.];1982;56246;Pers.;Personen;
1728;Wahlkreis Wil;Bevölkerung;Bevölkerungsbestand;null;2;Ständige Wohnbevölkerung [Pers.];1983;56683;Pers.;Personen;
1728;Wahlkreis Wil;Bevölkerung;Bevölkerungsbestand;null;2;Ständige Wohnbevölkerung [Pers.];1984;56994;Pers.;Personen;
1728;Wahlkreis Wil;Bevölkerung;Bevölkerungsbestand;null;2;Ständige Wohnbevölkerung [Pers.];1985;57409;Pers.;Personen;
1728;Wahlkreis Wil;Bevölkerung;Bevölkerungsbestand;null;2;Ständige Wohnbevölkerung [Pers.];1986;57975;Pers.;Personen;
1728;Wahlkreis Wil;Bevölkerung;Bevölkerungsbestand;null;2;Ständige Wohnbevölkerung [Pers.];1987;58743;Pers.;Personen;
1728;Wahlkreis Wil;Bevölkerung;Bevölkerungsbestand;null;2;Ständige Wohnbevölkerung [Pers.];1988;59464;Pers.;Personen;
1728;Wahlkreis Wil;Bevölkerung;Bevölkerungsbestand;null;2;Ständige Wohnbevölkerung [Pers.];1989;60311;Pers.;Personen;
1728;Wahlkreis Wil;Bevölkerung;Bevölkerungsbestand;null;2;Ständige Wohnbevölkerung [Pers.];1990;61304;Pers.;Personen;
1728;Wahlkreis Wil;Bevölkerung;Bevölkerungsbestand;null;2;Ständige Wohnbevölkerung [Pers.];1991;62206;Pers.;Personen;
1728;Wahlkreis Wil;Bevölkerung;Bevölkerungsbestand;null;2;Ständige Wohnbevölkerung [Pers.];1992;62821;Pers.;Personen;
1728;Wahlkreis Wil;Bevölkerung;Bevölkerungsbestand;null;2;Ständige Wohnbevölkerung [Pers.];1993;63240;Pers.;Personen;
1728;Wahlkreis Wil;Bevölkerung;Bevölkerungsbestand;null;2;Ständige Wohnbevölkerung [Pers.];1994;63799;Pers.;Personen;
1728;Wahlkreis Wil;Bevölkerung;Bevölkerungsbestand;null;2;Ständige Wohnbevölkerung [Pers.];1995;64040;Pers.;Personen;
1728;Wahlkreis Wil;Bevölkerung;Bevölkerungsbestand;null;2;Ständige Wohnbevölkerung [Pers.];1996;64334;Pers.;Personen;
1728;Wahlkreis Wil;Bevölkerung;Bevölkerungsbestand;null;2;Ständige Wohnbevölkerung [Pers.];1997;64451;Pers.;Personen;
1728;Wahlkreis Wil;Bevölkerung;Bevölkerungsbestand;null;2;Ständige Wohnbevölkerung [Pers.];1998;65013;Pers.;Personen;
1728;Wahlkreis Wil;Bevölkerung;Bevölkerungsbestand;null;2;Ständige Wohnbevölkerung [Pers.];1999;65777;Pers.;Personen;
1728;Wahlkreis Wil;Bevölkerung;Bevölkerungsbestand;null;2;Ständige Wohnbevölkerung [Pers.];2000;66267;Pers.;Personen;
1728;Wahlkreis Wil;Bevölkerung;Bevölkerungsbestand;null;2;Ständige Wohnbevölkerung [Pers.];2001;66866;Pers.;Personen;
1728;Wahlkreis Wil;Bevölkerung;Bevölkerungsbestand;null;2;Ständige Wohnbevölkerung [Pers.];2002;67392;Pers.;Personen;
1728;Wahlkreis Wil;Bevölkerung;Bevölkerungsbestand;null;2;Ständige Wohnbevölkerung [Pers.];2003;67680;Pers.;Personen;
1728;Wahlkreis Wil;Bevölkerung;Bevölkerungsbestand;null;2;Ständige Wohnbevölkerung [Pers.];2004;68025;Pers.;Personen;
1728;Wahlkreis Wil;Bevölkerung;Bevölkerungsbestand;null;2;Ständige Wohnbevölkerung [Pers.];2005;68473;Pers.;Personen;
1728;Wahlkreis Wil;Bevölkerung;Bevölkerungsbestand;null;2;Ständige Wohnbevölkerung [Pers.];2006;69006;Pers.;Personen;
1728;Wahlkreis Wil;Bevölkerung;Bevölkerungsbestand;null;2;Ständige Wohnbevölkerung [Pers.];2007;69503;Pers.;Personen;
1728;Wahlkreis Wil;Bevölkerung;Bevölkerungsbestand;null;2;Ständige Wohnbevölkerung [Pers.];2008;70312;Pers.;Personen;
1728;Wahlkreis Wil;Bevölkerung;Bevölkerungsbestand;null;2;Ständige Wohnbevölkerung [Pers.];2009;70821;Pers.;Personen;
1728;Wahlkreis Wil;Bevölkerung;Bevölkerungsbestand;null;2;Ständige Wohnbevölkerung [Pers.];2010;71554;Pers.;Personen;
1728;Wahlkreis Wil;Bevölkerung;Bevölkerungsbestand;null;2;Ständige Wohnbevölkerung [Pers.];2011;72194;Pers.;Personen;
1728;Wahlkreis Wil;Bevölkerung;Bevölkerungsbestand;null;2;Ständige Wohnbevölkerung [Pers.];2012;72808;Pers.;Personen;
1728;Wahlkreis Wil;Bevölkerung;Bevölkerungsbestand;null;2;Ständige Wohnbevölkerung [Pers.];2013;73519;Pers.;Personen;
1728;Wahlkreis Wil;Bevölkerung;Bevölkerungsbestand;null;2;Ständige Wohnbevölkerung [Pers.];2014;74203;Pers.;Personen;
1728;Wahlkreis Wil;Bevölkerung;Bevölkerungsbestand;null;2;Ständige Wohnbevölkerung [Pers.];2015;74543;Pers.;Personen;
1728;Wahlkreis Wil;Bevölkerung;Bevölkerungsbestand;null;2;Ständige Wohnbevölkerung [Pers.];2016;75042;Pers.;Personen;
1728;Wahlkreis Wil;Bevölkerung;Bevölkerungsbestand;null;2;Ständige Wohnbevölkerung [Pers.];2017;75209;Pers.;Personen;
1728;Wahlkreis Wil;Bevölkerung;Bevölkerungsbestand;null;2;Ständige Wohnbevölkerung [Pers.];2018;75594;Pers.;Personen;
1728;Wahlkreis Wil;Bevölkerung;Bevölkerungsbestand;null;2;Ständige Wohnbevölkerung [Pers.];2019;76046;Pers.;Personen;
1728;Wahlkreis Wil;Bevölkerung;Bevölkerungsbestand;null;2;Ständige Wohnbevölkerung [Pers.];2020;76439;Pers.;Personen;
1728;Wahlkreis Wil;Bevölkerung;Bevölkerungsbestand;null;2;Ständige Wohnbevölkerung [Pers.];2021;76935;Pers.;Personen;
1728;Wahlkreis Wil;Bevölkerung;Bevölkerungsbestand;null;2;Ständige Wohnbevölkerung [Pers.];2022;77709;Pers.;Personen;
1728;Wahlkreis Wil;Bevölkerung;Bevölkerungsbestand;null;2;Ständige Wohnbevölkerung [Pers.];2023;79149;Pers.;Personen;
